Periodo,Problema,Título,Data,Link
25/03/2024,fila,Homem é golpeado com canivete durante discussão em fila de supermercado,19/04/2024 16:01,https://g1.globo.com/sp/santos-regiao/noticia/2024/04/19/homem-e-golpeado-com-canivete-durante-discussao-em-fila-de-supermercado.ghtml
25/03/2024,isolado,"Após incêndio, supermercado em Salinas, é isolado pelo Corpo de Bombeiros",14/04/2024 14:50,https://g1.globo.com/mg/grande-minas/noticia/2024/04/14/apos-incendio-supermercado-em-salinas-e-isolado-pelo-corpo-de-bombeiros.ghtml
25/03/2024,preço,Preço nas alturas: Azeite ganha lacre antifurto em supermercado de Vitória,17/04/2024 16:37,https://g1.globo.com/es/espirito-santo/noticia/2024/04/17/preco-nas-alturas-azeite-ganha-lacre-antifurto-em-supermercado-de-vitoria.ghtml
25/03/2024,abastecimento,Medo do desabastecimento faz supermercado de Caruaru limitar venda de arroz,16/05/2024 12:25,https://g1.globo.com/pe/caruaru-regiao/noticia/2024/05/16/medo-do-desabastecimento-faz-supermercado-de-caruaru-limitar-venda-de-arroz.ghtml
25/03/2024,acaba,"Adolescentes matam aula, furtam whisky em supermercado e acabam apreendidos em MG",16/04/2024 09:56,https://g1.globo.com/mg/triangulo-mineiro/noticia/2024/04/16/adolescentes-matam-aula-furtam-whisky-em-supermercado-e-acabam-apreendidos-em-mg.ghtml
25/03/2024,alimento,Procon apreende 70 quilos de alimentos vencidos em supermercado na Grande Natal,12/06/2024 07:54,https://g1.globo.com/rn/rio-grande-do-norte/noticia/2024/06/12/procon-apreende-70-quilos-de-alimentos-vencidos-em-supermercado-na-grande-natal.ghtml
25/03/2024,fila,"VÍDEO: Polícia Civil apura suspeita de importunação sexual contra mulher em fila de supermercado, em MG",23/04/2024 13:26,https://g1.globo.com/mg/sul-de-minas/noticia/2024/04/23/video-policia-civil-apura-suspeita-de-importunacao-sexual-contra-mulher-em-fila-de-supermercado-em-mg.ghtml
25/03/2024,interditado,VÍDEO: cliente flagra rato em meio a frigorífico de supermercado no MA; estabelecimento é parcialmente interditado,29/04/2024 17:43,https://g1.globo.com/ma/maranhao/noticia/2024/04/29/video-cliente-flagra-rato-em-meio-a-frigorifico-de-supermercado-no-ma-estabelecimento-e-parcialmente-interditado.ghtml
25/03/2024,fila,Polícia confirma que homem investigado por importunação sexual se masturbou em fila de supermercado em MG,25/04/2024 14:55,https://g1.globo.com/mg/sul-de-minas/noticia/2024/04/25/policia-confirma-que-homem-investigado-por-importunacao-sexual-se-masturbou-em-fila-de-supermercado-em-mg.ghtml
25/03/2024,termina,"Operação contra suspeitos de atacar segurança em supermercado termina em 4 mortos em Balsas, no MA",05/04/2024 09:45,https://g1.globo.com/ma/maranhao/noticia/2024/04/05/operacao-contra-suspeitos-de-atacar-seguranca-em-supermercado-termina-em-4-mortos-em-balsas-no-maranhao.ghtml
25/03/2024,preço,"Preço da cesta básica em Piracicaba varia até 52,6% conforme o supermercado ou atacarejo, diz Esalq",30/03/2024 21:12,https://g1.globo.com/sp/piracicaba-regiao/noticia/2024/03/30/preco-da-cesta-basica-em-piracicaba-varia-ate-526percent-conforme-o-supermercado-ou-atacarejo-diz-esalq.ghtml
25/03/2024,fila,"Polícia Civil prende homem investigado por importunação sexual contra mulher em fila de supermercado, em MG",24/04/2024 19:31,https://g1.globo.com/mg/sul-de-minas/noticia/2024/04/24/policia-civil-prende-homem-investigado-por-importunacao-sexual-contra-mulher-em-fila-de-supermercado-em-mg.ghtml
25/03/2024,acaba,Homem de 20 anos com 81 anotações criminais é preso por furto a supermercado em Copacabana,03/04/2024 12:42,https://g1.globo.com/rj/rio-de-janeiro/noticia/2024/04/03/homem-e-preso-por-furto-a-supermercado-em-copacabana.ghtml
25/03/2024,corrida,Aplicativo de corrida mostra 'boca de fumo' em terreno baldio e 'nascimento de tartaruga' em supermercado no ES,07/05/2024 18:43,https://g1.globo.com/es/espirito-santo/noticia/2024/05/07/aplicativo-de-corrida-mostra-boca-de-fumo-em-terreno-baldio-e-nascimento-de-tartaruga-em-supermercado-no-es.ghtml
25/03/2024,termina,Justiça determina pagamento de R$ 20 mil de indenização para jovem agredida por suspeita de furto em supermercado de MG,24/05/2024 19:57,https://g1.globo.com/mg/sul-de-minas/noticia/2024/05/24/justica-determina-pagamento-de-r-20-mil-de-indenizacao-para-jovem-agredida-por-suspeita-de-furto-em-supermercado-de-mg.ghtml
25/03/2024,produto,"Carne, cachaça e cerveja: homem é preso por furtar mais de R$ 1 mil em produtos de supermercado em MG",31/05/2024 20:19,https://g1.globo.com/mg/triangulo-mineiro/noticia/2024/05/31/carne-cachaca-e-cerveja-homem-e-preso-por-furtar-mais-de-r-1-mil-em-produtos-de-supermercado-em-mg.ghtml
25/03/2024,alimento,"Pizza, carne, enlatados e até ovos: 300 kg de alimentos impróprios para consumo são aprendidos em supermercado de Juiz de Fora",23/04/2024 11:29,https://g1.globo.com/mg/zona-da-mata/noticia/2024/04/22/pizza-carne-enlatados-e-ate-ovos-300-kg-de-alimentos-improprios-para-consumo-sao-aprendidos-em-supermercado-de-juiz-de-fora.ghtml
25/03/2024,aumento,"Cesta básica tem aumento de 2,77% nos supermercados de Presidente Prudente",26/04/2024 14:58,https://g1.globo.com/sp/presidente-prudente-regiao/noticia/2024/04/26/cesta-basica-tem-aumento-de-277percent-nos-supermercados-de-presidente-prudente.ghtml
25/03/2024,produto,"Mais de 1,6 mil produtos vencidos são apreendidos durante operação em supermercados",29/04/2024 18:51,https://g1.globo.com/to/tocantins/noticia/2024/04/29/mais-de-16-mil-produtos-vencidos-sao-apreendidos-durante-operacao-em-supermeracados.ghtml
25/03/2024,dispara,"Com aumento de 36,28%, quilo da batata dispara em supermercados de Presidente Prudente",14/06/2024 20:03,https://g1.globo.com/sp/presidente-prudente-regiao/noticia/2024/06/14/com-aumento-de-3628percent-quilo-da-batata-dispara-em-supermercados-de-presidente-prudente.ghtml
25/03/2024,estoque,Venda de arroz é limitada em supermercados mesmo com a garantia de que há estoque para toda população,09/05/2024 13:55,https://g1.globo.com/mg/minas-gerais/noticia/2024/05/09/venda-de-arroz-e-limitada-em-supermercados-governo-diz-que-nao-ha-risco-de-desabastecimento.ghtml
25/03/2024,alimento,"30 quilos de carnes, hambúrgueres, pizzas e alimentos estragados são apreendidos em supermercados de Umuarama",08/05/2024 10:36,https://g1.globo.com/pr/norte-noroeste/noticia/2024/05/08/30-quilos-de-pizzas-hamburgueres-carnes-e-alimentos-estragados-sao-apreendidos-em-supermercado-de-umuarama.ghtml
25/03/2024,dispara,"Preço da batata dispara e ajuda a inflacionar cesta básica nos supermercados de Presidente Prudente, aponta pesquisa",24/05/2024 14:29,https://g1.globo.com/sp/presidente-prudente-regiao/noticia/2024/05/24/preco-da-batata-dispara-e-ajuda-a-inflacionar-cesta-basica-nos-supermercados-de-presidente-prudente-aponta-pesquisa.ghtml
25/03/2024,logística,"Enchentes no RS causam problemas de logística, e supermercados no MS começam a racionar alimentos",10/05/2024 09:44,https://g1.globo.com/ms/mato-grosso-do-sul/noticia/2024/05/09/com-estradas-bloqueadas-por-enchentes-no-rs-supermercados-de-ms-comecam-a-racionar-arroz.ghtml
25/03/2024,limitam,Supermercados de Ribeirão Preto limitam compra de arroz por problema logístico após tragédia climática no RS,17/05/2024 19:59,https://g1.globo.com/sp/ribeirao-preto-franca/noticia/2024/05/17/supermercados-de-ribeirao-preto-limitam-compra-de-arroz-por-problema-logistico-apos-tragedia-climatica-no-rs.ghtml
25/03/2024,preço,Confeiteiras aproveitam alta do preço de ovo de Páscoa nos supermercados e ganham clientela com produtos personalizados e mais em conta,28/03/2024 09:26,https://g1.globo.com/pr/parana/economia/noticia/2024/03/28/confeiteiras-aproveitam-alta-do-preco-de-ovo-de-pascoa-nos-supermercado-e-ganham-clientela-com-produtos-personalizados-e-mais-em-conta.ghtml
25/03/2024,preço,"Preço da batata aumenta mais de 40% em três meses na capital, diz estudo",10/06/2024 11:44,https://g1.globo.com/ac/acre/noticia/2024/06/10/preco-da-batata-aumenta-mais-de-40percent-em-tres-meses-na-capital-diz-estudo.ghtml
25/03/2024,preço,Efeitos do El Niño no clima ainda impactam nos preços dos alimentos,10/04/2024 20:38,https://g1.globo.com/jornal-nacional/noticia/2024/04/10/efeitos-do-el-nino-no-clima-ainda-impactam-nos-precos-dos-alimentos.ghtml
25/03/2024,preço,"Preço da carne bovina cai mais de 15% entre fevereiro e maio, aponta estudo",13/05/2024 17:08,https://g1.globo.com/ac/acre/noticia/2024/05/13/preco-da-carne-bovina-cai-mais-de-15percent-entre-fevereiro-e-maio-aponta-estudo.ghtml
25/03/2024,preço,"Preço do leite sobe pelo 4º mês consecutivo e derivados ficam mais caros em abril, diz estudo da Esalq",22/04/2024 14:31,https://g1.globo.com/sp/piracicaba-regiao/noticia/2024/04/22/preco-do-leite-sobe-pelo-4o-mes-consecutivo-e-derivados-ficam-mais-caros-em-abril-diz-estudo-da-esalq.ghtml
25/03/2024,falta,"Vai faltar arroz? Associação afasta risco, mas comportamento do consumidor pode fazer preço subir",10/05/2024 20:11,https://g1.globo.com/sp/campinas-regiao/noticia/2024/05/10/vai-faltar-arroz-associacao-afasta-risco-mas-comportamento-do-consumidor-pode-fazer-preco-subir.ghtml
25/03/2024,produto,"'Latas enferrujadas, rótulos esfarelados': mercado é interditado por vender produtos danificados na enchente em Porto Alegre",22/06/2024 03:00,https://g1.globo.com/rs/rio-grande-do-sul/noticia/2024/06/22/latas-enferrujadas-rotulos-esfarelados-mercado-e-interditado-por-vender-produtos-danificados-na-enchente-em-porto-alegre.ghtml
25/03/2024,interditado,Frigorífico é interditado após operação da Polícia Civil apreender 800 kg de carne clandestina no ES,14/06/2024 12:58,https://g1.globo.com/es/espirito-santo/noticia/2024/06/14/frigorifico-e-interditado-apos-operacao-da-policia-civil-apreender-800-kg-de-carne-clandestina-no-es.ghtml
25/03/2024,aumento,Comerciantes sentem reflexo no preço do arroz no interior de SP; Procon monitora para prevenir aumento abusivo,05/06/2024 16:12,https://g1.globo.com/sp/bauru-marilia/noticia/2024/06/05/procon-fiscaliza-supermercados-para-coibir-aumento-abusivo-do-preco-do-arroz-no-interior-de-sp.ghtml
25/03/2024,abastecimento,"Com enchente no RS, varejo teme desabastecimento de arroz e limita venda do produto em Fortaleza",09/05/2024 08:32,https://g1.globo.com/ce/ceara/noticia/2024/05/09/com-enchente-no-rs-varejo-teme-desabastecimento-de-arroz-e-limita-venda-do-produto-em-fortaleza.ghtml
25/03/2024,chuva,Temporais no RS: instituições de MT se mobilizam para ajudar as vítimas das chuvas; saiba onde e o que doar,08/05/2024 14:41,https://g1.globo.com/mt/mato-grosso/noticia/2024/05/06/temporais-no-rs-instituicoes-de-mt-se-mobilizam-para-ajudar-para-as-vitimas-das-chuva-saiba-onde-e-o-que-doar.ghtml
25/03/2024,prateleira,"Mateus é condenado a pagar R$ 10 milhões pela queda de prateleiras no Mix Atacarejo do Vinhais, em São Luís",04/06/2024 13:59,https://g1.globo.com/ma/maranhao/noticia/2024/06/04/mateus-e-condenado-a-pagar-r-10-milhoes-pela-queda-de-prateleiras-no-mix-atacarejo-do-vinhais-em-sao-luis.ghtml
24/06/2024,compra,"Cliente compra bombons com larvas em supermercado de Senador Canedo, diz Procon",02/08/2024 10:37,https://g1.globo.com/go/goias/noticia/2024/08/02/cliente-compra-bombons-com-larvas-em-supermercado-de-senador-canedo-diz-procon.ghtml
24/06/2024,alimento,Supermercado é autuado por comercializar 40 quilos de alimentos impróprios para consumo,05/07/2024 12:19,https://g1.globo.com/am/amazonas/noticia/2024/07/05/supermercado-e-autuado-por-comercializar-40-quilos-de-alimentos-improprios-para-consumo.ghtml
24/06/2024,compra,Aposentado desaparece após deixar compras de supermercado em casa no litoral de SP,14/07/2024 15:02,https://g1.globo.com/sp/santos-regiao/noticia/2024/07/14/aposentado-desaparece-apos-deixar-compras-de-supermercado-em-casa-no-litoral-de-sp.ghtml
24/06/2024,produto,Quase 100 kg de produtos impróprios para uso são apreendidos em supermercado de Manaus,03/09/2024 13:00,https://g1.globo.com/am/amazonas/noticia/2024/09/03/quase-100-kg-de-alimentos-improprios-para-consumo-sao-apreendidos-em-supermercado-de-manaus.ghtml
24/06/2024,termina,Roubo a supermercado em MG termina em troca de tiros e criminoso morto no RJ,17/09/2024 11:58,https://g1.globo.com/mg/zona-da-mata/noticia/2024/09/17/roubo-a-supermercado-em-mg-termina-em-troca-de-tiros-e-criminoso-morto-no-rj.ghtml
24/06/2024,estoque,Gerente de estoque é preso em rodovia de Itápolis suspeito de furtar supermercado onde trabalha,07/09/2024 11:49,https://g1.globo.com/sp/bauru-marilia/noticia/2024/09/07/gerente-de-estoque-e-preso-em-rodovia-de-itapolis-suspeito-de-furtar-supermercado-onde-trabalha.ghtml
24/06/2024,termina,"Termina nesta terça prazo para candidatura em 300 vagas de emprego em supermercado, em Caraguatatuba",17/09/2024 10:08,https://g1.globo.com/sp/vale-do-paraiba-regiao/noticia/2024/09/17/termina-nesta-terca-prazo-para-candidatura-em-300-vagas-de-emprego-em-supermercado-em-caraguatatuba.ghtml
24/06/2024,acaba,Jovem tenta furtar 53 barras de chocolate após invadir supermercado e acaba preso em Presidente Prudente,26/07/2024 11:23,https://g1.globo.com/sp/presidente-prudente-regiao/noticia/2024/07/26/jovem-tenta-furtar-53-barras-de-chocolate-apos-invadir-supermercado-e-acaba-preso-em-presidente-prudente.ghtml
24/06/2024,acaba,"Homem esconde quase 4 kg de picanha furtada de supermercado dentro da bermuda, mas acaba preso em MG",28/08/2024 10:03,https://g1.globo.com/mg/zona-da-mata/noticia/2024/08/28/homem-esconde-quase-4-kg-de-picanha-furtada-de-supermercado-dentro-da-bermuda-mas-acaba-preso-em-mg.ghtml
24/06/2024,produto,Blitze flagram produtos e carnes vencidos e até com insetos em supermercados no ES,20/07/2024 15:59,https://g1.globo.com/es/espirito-santo/sul-es/noticia/2024/07/20/blitze-flagra-produtos-e-carnes-vencidos-e-ate-com-insetos-em-supermercados-no-es.ghtml
24/06/2024,preço,"Levantamento de preços aponta que cesta básica fica 4,57% mais barata nos supermercados de Presidente Prudente",16/07/2024 17:02,https://g1.globo.com/sp/presidente-prudente-regiao/noticia/2024/07/16/levantamento-de-precos-aponta-que-cesta-basica-fica-457percent-mais-barata-nos-supermercados-de-presidente-prudente.ghtml
24/06/2024,preço,"Cesta básica fica 0,93% mais barata em junho nos supermercados de Presidente Prudente, aponta pesquisa de preços",28/06/2024 16:29,https://g1.globo.com/sp/presidente-prudente-regiao/noticia/2024/06/28/cesta-basica-fica-093percent-mais-barata-em-junho-nos-supermercados-de-presidente-prudente-aponta-pesquisa-de-precos.ghtml
24/06/2024,produto,Quatro pessoas são presas em operação contra venda de produtos vencidos em supermercados no interior de SP,04/09/2024 17:25,https://g1.globo.com/sp/itapetininga-regiao/noticia/2024/09/04/quatro-pessoas-sao-presas-em-operacao-contra-venda-de-produtos-vencidos-em-supermercados-no-interior-de-sp.ghtml
24/06/2024,alimento,Quase 250 kg de alimentos impróprios para o consumo são apreendidos em 4 supermercados de Juiz de Fora,26/06/2024 06:57,https://g1.globo.com/mg/zona-da-mata/noticia/2024/06/25/quase-250-kg-de-alimentos-improprios-para-o-consumo-sao-apreendidos-em-4-supermercados-de-juiz-de-fora.ghtml
24/06/2024,acaba,"Mulher furta picanha, Nutella e balas Fini e acaba presa em Vila Velha, ES",11/09/2024 14:36,https://g1.globo.com/es/espirito-santo/noticia/2024/09/11/mulher-furta-picanha-nutella-e-balas-fini-e-acaba-presa-em-vila-velha-es.ghtml
24/06/2024,busca,Região nobre de Cuiabá atrai moradores em busca de qualidade de vida,01/07/2024 12:37,https://g1.globo.com/mt/mato-grosso/especial-publicitario/plaenge-empreendimentos/plaenge/noticia/2024/06/26/regiao-nobre-de-cuiaba-atrai-moradores-em-busca-de-qualidade-de-vida.ghtml
24/06/2024,compra,Uber é condenada pela Justiça após motorista furtar compras de duas passageiras em São Luís,26/07/2024 16:16,https://g1.globo.com/ma/maranhao/noticia/2024/07/26/uber-e-condenada-pela-justica-apos-motorista-furtar-compras-de-duas-passageiras-em-sao-luis.ghtml
24/06/2024,fila,Venda de ingresso para show de Paul McCartney em Florianópolis tem fila até o subsolo e bota para guardar lugar,26/06/2024 21:14,https://g1.globo.com/sc/santa-catarina/noticia/2024/06/26/venda-ingresso-paul-mccartney-florianopolis-fila.ghtml
24/06/2024,chuva,Câmera mostra momento em que parte do telhado de mercado desaba após forte chuva na Bahia,08/08/2024 10:54,https://g1.globo.com/ba/bahia/noticia/2024/08/08/parte-do-telhado-de-supermercado-desaba-apos-forte-chuva-na-regiao-metropolitana-de-salvador.ghtml
24/06/2024,compra,"VÍDEO: Mercado pega fogo no Centro, em Uberlândia; causa pode ter sido curto-circuito em caixa de compras",05/08/2024 09:12,https://g1.globo.com/mg/triangulo-mineiro/noticia/2024/08/05/video-mercado-pega-fogo-no-centro-em-uberlandia-causa-pode-ter-sido-curto-circuito-em-caixa-de-compras.ghtml
24/06/2024,produto,"VÍDEO: Rede de mercados lavava produtos inundados pela enchente em Eldorado do Sul para vender em outra cidade, diz polícia",03/07/2024 18:09,https://g1.globo.com/rs/rio-grande-do-sul/noticia/2024/07/03/video-rede-de-mercados-lavava-produtos-inundados-pela-enchente-em-eldorado-do-sul-para-vender-em-outra-cidade-diz-policia.ghtml
24/06/2024,disparada,"Após disparada, preço da cesta básica recua e atinge menor valor do ano em Campinas",12/08/2024 15:01,https://g1.globo.com/sp/campinas-regiao/noticia/2024/08/12/apos-disparada-preco-da-cesta-basica-recua-e-atinge-menor-valor-do-ano-em-campinas.ghtml
24/06/2024,dispara,Preço da cesta básica em Campinas 'dispara' e atinge maior valor da série histórica,11/07/2024 06:49,https://g1.globo.com/sp/campinas-regiao/noticia/2024/07/11/preco-da-cesta-basica-em-campinas-dispara-e-atinge-maior-valor-da-serie-historica.ghtml
24/06/2024,preço,"Pelo segundo mês consecutivo, preço da batata tem alta de mais de 20% em Piracicaba; entenda",27/07/2024 18:21,https://g1.globo.com/sp/piracicaba-regiao/noticia/2024/07/27/pelo-segundo-mes-consecutivo-preco-da-batata-tem-alta-de-mais-de-20percent-em-piracicaba-entenda.ghtml
24/06/2024,busca,"'Foi um recomeço', 'não penso em voltar', 'a gente faz nosso lar': os venezuelanos que cruzam país em busca de nova vida no Brasil",21/07/2024 05:31,https://g1.globo.com/rr/roraima/noticia/2024/07/21/foi-um-recomeco-nao-penso-em-voltar-a-gente-faz-nosso-lar-os-venezuelanos-que-cruzam-pais-em-busca-de-nova-vida-no-brasil.ghtml
24/06/2024,preço,Levantamento de preços aponta terceira deflação consecutiva na cesta básica em Pres. Prudente,13/08/2024 14:25,https://g1.globo.com/sp/presidente-prudente-regiao/noticia/2024/08/13/levantamento-de-precos-aponta-terceira-deflacao-consecutiva-na-cesta-basica-em-presidente-prudente.ghtml
23/09/2024,interditado,Supermercado é interditado por risco de desabamento,29/11/2024 10:48,https://g1.globo.com/ce/ceara/noticia/2024/11/29/supermercado-e-interditado-por-risco-de-desabamento.ghtml
23/09/2024,estoque,Incêndio atinge estoque de supermercado em Santos; VÍDEO,24/09/2024 18:32,https://g1.globo.com/sp/santos-regiao/noticia/2024/09/24/incendio-atinge-estoque-de-supermercado-em-santos-video.ghtml
23/09/2024,chuva,"Estrutura de supermercado desaba sobre 26 veículos estacionados durante forte chuva, em Presidente Venceslau",08/11/2024 10:16,https://g1.globo.com/sp/presidente-prudente-regiao/noticia/2024/11/08/estrutura-de-supermercado-desaba-sobre-veiculos-estacionados-durante-forte-chuva-em-presidente-venceslau.ghtml
23/09/2024,comida,"Gerente de supermercado levava comida para suspeito de matá-la mesmo após separação, diz delegado",20/11/2024 06:32,https://g1.globo.com/go/goias/noticia/2024/11/20/gerente-de-supermercado-levava-comida-para-suspeito-de-mata-la-mesmo-apos-separacao-diz-delegado.ghtml
23/09/2024,compra,"Carro desgovernado atinge sete motocicletas, três automóveis e dois carrinhos de compras em supermercado na Bahia",08/10/2024 16:44,https://g1.globo.com/ba/bahia/noticia/2024/10/07/carro-desgovernado-atinge-veiculos-em-juazeiro.ghtml
23/09/2024,produto,"Latas de cerveja, refrigerante e doces: suspeito de furtar produtos em supermercado é detido em Divinópolis",02/12/2024 17:05,https://g1.globo.com/mg/centro-oeste/noticia/2024/12/02/latas-de-cerveja-refrigerante-e-doces-suspeito-de-furtar-produtos-em-supermercado-e-detido-em-divinopolis.ghtml
23/09/2024,termina,"Tentativa de assalto a supermercado termina em troca de tiros, suspeito morto e vigilante ferido, em Belém",22/10/2024 22:26,https://g1.globo.com/pa/para/noticia/2024/10/22/tentativa-de-assalto-a-supermercado-termina-em-troca-de-tiros-em-belem.ghtml
23/09/2024,prateleira,"Homem invade supermercado, derruba várias prateleiras e causa prejuízo de quase R$ 10 mil em MG; VÍDEO",11/11/2024 11:32,https://g1.globo.com/mg/zona-da-mata/noticia/2024/11/11/homem-invade-supermercado-derruba-varias-prateleiras-e-causa-prejuizo-de-quase-r-10-mil-em-mg-video.ghtml
23/09/2024,produto,"Energéticos, sucos e refrigerantes: homem é preso após tentar furtar R$ 2 mil em produtos de supermercado em Divinópolis",22/10/2024 12:16,https://g1.globo.com/mg/centro-oeste/noticia/2024/10/22/energeticos-sucos-e-refrigerantes-homem-e-preso-apos-tentar-furtar-r-2-mil-em-produtos-de-supermercado-em-divinopolis.ghtml
23/09/2024,compra,VÍDEO: Estudante montado a cavalo faz compras em supermercado e até para em caixa junto com o animal para pagar,10/12/2024 12:48,https://g1.globo.com/go/goias/noticia/2024/12/10/video-estudante-montado-a-cavalo-faz-compras-em-supermercado-e-ate-para-em-caixa-junto-com-o-animal-para-pagar.ghtml
23/09/2024,fila,Jovem de 23 anos denuncia injúria racial em fila de supermercado em Salvador: 'como chama uma pessoa de macaco na Bahia?',02/10/2024 12:31,https://g1.globo.com/ba/bahia/noticia/2024/10/02/denuncia-racismo-mercado-salvador.ghtml
23/09/2024,compra,Polícia identifica grupo suspeito de invadir sistema de supermercado e criar 'vouchers' para compras; prejuízo é de cerca de R$ 300 mil,28/10/2024 20:11,https://g1.globo.com/rn/rio-grande-do-norte/noticia/2024/10/28/policia-identifica-grupo-suspeito-de-invadir-sistema-de-supermercado-e-criar-vouchers-para-compras-prejuizo-e-de-cerca-de-r-300-mil.ghtml
23/09/2024,produto,"Morte de cinco pessoas em batida na BR-116, jovens flagrados com produtos furtados de supermercado e resgate de teiú: Veja as notícias mais lidas da semana",16/11/2024 20:39,https://g1.globo.com/mg/grande-minas/noticia/2024/11/16/morte-de-cinco-pessoas-em-batida-na-br-116-jovens-flagrados-com-produtos-furtados-de-supermercado-e-resgate-de-teiu-veja-as-noticias-mais-lidas-da-semana.ghtml
23/09/2024,compra,Polícia investiga se supermercados compraram carne de abatedouro ilegal em Natal,29/10/2024 12:33,https://g1.globo.com/rn/rio-grande-do-norte/noticia/2024/10/29/policia-investiga-se-supermercados-compraram-carne-de-abatedouro-ilegal-em-natal.ghtml
23/09/2024,produto,Mais de 200 produtos fora da validade são encontrados em dois supermercados de Macapá,07/12/2024 12:04,https://g1.globo.com/ap/amapa/noticia/2024/12/07/mais-de-200-produtos-fora-da-validade-sao-encontrados-em-dois-supermercados-de-macapa.ghtml
23/09/2024,chuva,"Chuva alaga casas, supermercados e shopping em Uberaba; árvores caíram e ruas ficaram destruídas",26/10/2024 18:36,https://g1.globo.com/mg/triangulo-mineiro/noticia/2024/10/26/chuva-alaga-casas-supermercados-e-shopping-em-uberaba-arvores-cairam-e-ruas-ficaram-destruidas.ghtml
23/09/2024,aumento,‘Ouro líquido’: aumento do preço do azeite faz supermercados colocarem proteção antifurto nas garrafas do produto,28/10/2024 14:31,https://g1.globo.com/fantastico/noticia/2024/10/27/ouro-liquido-aumento-do-preco-do-azeite-faz-supermercados-colocarem-protecao-antifurto-nas-garrafas-do-produto.ghtml
23/09/2024,comida,Procon encontra mais de 200 kg de sabão em pó com indícios de falsificação e quase 32 kg de comida vencida em supermercados,13/11/2024 09:16,https://g1.globo.com/rj/sul-do-rio-costa-verde/noticia/2024/11/12/fiscalizacao-procon.ghtml
23/09/2024,busca,Polícia faz busca e apreensão contra suspeitos de roubo e venda de dados de empresas; uma das vítimas é uma rede de supermercados do MA,06/11/2024 16:32,https://g1.globo.com/ma/maranhao/noticia/2024/11/06/operacao-investiga-grupo-suspeito-de-roubo-e-venda-de-dados-de-empresas-em-sl-uma-das-vitimas-seria-grande-rede-de-supermercados-do-ma.ghtml
23/09/2024,compra,Homem é preso em flagrante após efetuar compras e utilizar falsos comprovantes de PIX em Lagarto,04/12/2024 14:39,https://g1.globo.com/se/sergipe/noticia/2024/12/04/homem-e-preso-em-flagrante-apos-efetuar-compras-e-utilizar-falsos-comprovantes-de-pix-em-lagarto.ghtml
23/09/2024,termina,"Mulher de 42 anos morre atropelada por ônibus no terminal integrado de passageiros de Abreu e Lima, no Grande Recife",15/11/2024 12:50,https://g1.globo.com/pe/pernambuco/noticia/2024/11/15/mulher-de-42-anos-morre-atropelada-por-onibus-no-terminal-integrado-de-passageiros-de-abreu-e-lima-no-grande-recife.ghtml
23/09/2024,itens,Pesquisa do Procon encontra variação de 67% em itens para a Ceia de Natal,09/12/2024 12:44,https://g1.globo.com/ms/mato-grosso-do-sul/noticia/2024/12/09/pesquisa-do-procon-encontra-variacao-de-67percent-em-itens-para-a-ceia-de-natal.ghtml
23/09/2024,alimento,"Solange Almeida grava DVD em show com participações de Taty Girl, João Gomes e Elba Ramalho; ingresso é kg de alimento",25/11/2024 15:10,https://g1.globo.com/ce/ceara/noticia/2024/11/25/solange-almeida-grava-dvd-em-show-com-participacoes-de-taty-girl-joao-gomes-e-elba-ramalho-ingresso-e-kg-de-alimento.ghtml
23/09/2024,vazia,Dupla é presa após furto de caixas com garrafas de bebidas vazias em MG; dona de bar foi detida por receptação,08/11/2024 09:35,https://g1.globo.com/mg/sul-de-minas/noticia/2024/11/08/dupla-e-presa-apos-furto-de-cascos-de-bebida-vazios-em-ipuiuna-mg-dona-de-bar-e-detida-por-receptacao.ghtml
23/09/2024,temporal,Temporal provoca estragos e deixa bairros sem energia em cidades na região de Sorocaba,11/10/2024 20:57,https://g1.globo.com/sp/sorocaba-jundiai/noticia/2024/10/11/temporal-provoca-estragos-e-deixa-bairros-sem-energia-em-cidades-na-regiao-de-sorocaba.ghtml
23/09/2024,compra,Produtores rurais do Mercosul reagem à decisão do Carrefour de parar de comprar carne do bloco: 'Atitude protecionista e equivocada',21/11/2024 19:20,https://g1.globo.com/economia/agronegocios/noticia/2024/11/21/produtores-rurais-do-mercosul-reagem-a-decisao-do-carrefour-de-parar-de-comprar-carne-do-bloco.ghtml
23/09/2024,disparada,VÍDEO: Boi derruba dono e foge em disparada pelas ruas de cidade em Goiás,19/11/2024 18:00,https://g1.globo.com/go/goias/noticia/2024/11/19/video-boi-derruba-dono-e-foge-em-disparada-pelas-ruas-de-cidade-em-goias.ghtml
23/09/2024,compra,"'Quase 100% da carne comprada pelo Carrefour França é produzida na França', diz gigante do varejo após declaração polêmica de CEO",25/11/2024 14:51,https://g1.globo.com/economia/agronegocios/noticia/2024/11/21/quase-100percent-da-carne-comprada-pelo-carrefour-franca-e-produzida-na-franca-diz-gigante-do-varejo-apos-fala-polemica-de-ceo.ghtml
23/09/2024,preço,Mudanças climáticas e redução da oferta impactam preço do café no Brasil e no mundo,26/09/2024 21:59,https://g1.globo.com/jornal-nacional/noticia/2024/09/26/mudancas-climaticas-e-reducao-da-oferta-impactam-preco-do-cafe-no-brasil-e-no-mundo.ghtml
23/09/2024,alimento,Entidade arrecada alimentos para cestas básicas de Natal em Bauru; veja com ajudar,13/11/2024 08:42,https://g1.globo.com/sp/bauru-marilia/noticia/2024/11/13/entidade-arrecada-alimentos-para-cestas-basicas-de-natal-em-bauru-veja-com-ajudar.ghtml
23/12/2024,compra,Funcionárias de supermercado atacadista são presas por 'falsa compra' em Cuiabá,27/02/2025 11:28,https://g1.globo.com/mt/mato-grosso/noticia/2025/02/27/funcionarias-de-supermercado-atacadista-sao-presas-por-falsa-compra-em-cuiaba.ghtml
23/12/2024,produto,Mais de 20 produtos impróprios para consumo são apreendidos em supermercado de Manaus,14/01/2025 10:48,https://g1.globo.com/am/amazonas/noticia/2025/01/14/mais-de-20-produtos-improprios-para-consumo-sao-apreendidos-em-supermercado-de-manaus.ghtml
23/12/2024,chuva,VÍDEO: parte de teto de supermercado desaba durante chuva com granizo em Barueri,30/12/2024 21:38,https://g1.globo.com/sp/sao-paulo/noticia/2024/12/30/parte-de-teto-de-supermercado-desaba-durante-chuva-com-granizo-em-barueri-grande-sp.ghtml
23/12/2024,alimento,"Ratos, baratas e armazenamento inadequado de alimentos: MPDFT investiga irregularidades sanitárias do supermercado Tatico",12/02/2025 19:09,https://g1.globo.com/df/distrito-federal/noticia/2025/02/12/ratos-baratas-e-armazenamento-inadequado-de-alimentos-mpdft-investiga-irregularidades-sanitarias-do-supermercado-tatico.ghtml
23/12/2024,falta,Homem agride com pá gerente de supermercado em MT: veja o que se sabe e o que falta saber,20/01/2025 10:44,https://g1.globo.com/mt/mato-grosso/noticia/2025/01/20/homem-agride-com-pa-gerente-de-supermercado-em-mt-veja-o-que-se-sabe-e-o-que-falta-saber.ghtml
23/12/2024,chuva,"Por conta das fortes chuvas, marquise de supermercado cai na Zona Oeste do Rio; bolsões d'água afetam toda a cidade",09/01/2025 19:58,https://g1.globo.com/rj/rio-de-janeiro/noticia/2025/01/09/por-conta-das-fortes-chuvas-marquise-de-supermercado-cai-na-zona-oeste-do-rio-bolsoes-dagua-afetam-toda-a-cidade.ghtml
23/12/2024,preço,Por que o preço dos ovos nos EUA disparou e até os supermercados estão racionando suas compras,24/02/2025 17:14,https://g1.globo.com/economia/agronegocios/noticia/2025/02/20/por-que-o-preco-dos-ovos-nos-eua-disparou-e-ate-os-supermercados-estao-racionando-suas-compras.ghtml
23/12/2024,chuva,"VÍDEO: granizo toma conta de ruas de Barueri, Grande SP, após forte chuva",30/12/2024 18:00,https://g1.globo.com/sp/sao-paulo/noticia/2024/12/30/video-granizo-toma-conta-de-ruas-de-barueri-grande-sp-apos-forte-chuva.ghtml
23/12/2024,preço,"Preço dos ovos deverá continuar alto por mais dois meses, dizem produtores",18/02/2025 19:26,https://g1.globo.com/economia/agronegocios/noticia/2025/02/18/preco-dos-ovos-devera-continuar-alto-por-mais-dois-meses-estima-associacao.ghtml
23/12/2024,compra,"'Café fake': saiba diferenciar café e pó sabor café na prateleira, para não errar nas compras",13/02/2025 12:33,https://g1.globo.com/economia/agronegocios/noticia/2025/02/13/cafe-fake-saiba-diferenciar-cafe-e-po-sabor-cafe-na-prateleira-para-nao-errar-nas-compras.ghtml
23/12/2024,produto,"Canadá, México e China anunciam tarifas sobre produtos americanos, uma retaliação às sobretaxas impostas pelos EUA",04/03/2025 20:14,https://g1.globo.com/jornal-nacional/noticia/2025/03/04/canada-mexico-e-china-anunciam-tarifas-sobre-produtos-americanos-uma-retaliacao-as-sobretaxas-impostas-pelos-eua.ghtml
23/12/2024,crise,"Em meio à 'crise dos ovos', americanos adotam criação de galinhas como alternativa",14/02/2025 03:00,https://g1.globo.com/economia/agronegocios/noticia/2025/02/14/em-meio-a-crise-dos-ovos-americanos-adotam-criacao-de-galinhas-como-alternativa.ghtml
23/12/2024,produto,Lula diz que caixa de ovo por R$ 40 é um 'absurdo' e que cobrará de empresários que não falte produto dentro do Brasil,20/02/2025 09:25,https://g1.globo.com/politica/noticia/2025/02/20/lula-atribui-alta-dos-alimentos-a-problemas-climaticos-e-diz-que-tera-reuniao-com-empresarios-sobre-valor-no-mercado-interno.ghtml
23/12/2024,preço,Frutas para a ceia: veja o que esperar dos preços,02/01/2025 14:39,https://g1.globo.com/economia/agronegocios/noticia/2021/12/10/frutas-para-a-ceia-veja-o-que-esperar-dos-precos.ghtml
23/12/2024,compra,Ladrão atrai dono de disk bebidas para emboscada e compra bitcoins com dinheiro da vítima em Uberaba,07/01/2025 09:27,https://g1.globo.com/mg/triangulo-mineiro/noticia/2025/01/07/ladrao-atrai-dono-de-disk-bebidas-para-emboscada-e-compra-bitcoins-com-dinheiro-da-vitima-em-uberaba.ghtml
23/12/2024,alimento,"Rui Costa, ministro da Casa Civil, fala em redução de imposto de importação de alimentos para controlar a inflação",24/01/2025 21:19,https://g1.globo.com/jornal-nacional/noticia/2025/01/24/rui-costa-ministro-da-casa-civil-fala-em-reducao-de-imposto-de-importacao-de-alimentos-para-controlar-a-inflacao.ghtml
23/12/2024,alagamento,Chuva forte com ventania e queda de granizo deixa parte da cidade de SP em atenção para alagamentos; mais de 40 mil ainda estão sem luz,08/01/2025 12:00,https://g1.globo.com/sp/sao-paulo/noticia/2025/01/07/chuva-forte-com-ventania-e-queda-de-granizo-deixa-parte-da-cidade-de-sp-em-atencao-para-alagamentos-479-mil-imoveis-estao-sem-luz.ghtml
23/12/2024,produto,Lula fala em 'educar' população para trocar produtos caros por similares: 'Povo não pode ser extorquido',06/02/2025 12:04,https://g1.globo.com/politica/noticia/2025/02/06/lula-fala-em-educar-populacao-para-trocar-produtos-caros-por-similares-o-povo-nao-pode-ser-extorquido.ghtml
23/12/2024,preço,Governo federal reúne ministros e empresários para discutir preço dos alimentos nesta quinta,06/03/2025 08:26,https://g1.globo.com/politica/noticia/2025/03/06/governo-federal-reune-ministros-e-empresarios-para-discutir-preco-dos-alimentos-nesta-quinta.ghtml
23/12/2024,dispara,Exportações de ovos brasileiros disparam em meio a crise de gripe aviária nos EUA,12/03/2025 17:42,https://g1.globo.com/economia/agronegocios/noticia/2025/03/12/exportacoes-de-ovos-brasileiros-disparam-em-meio-a-crise-de-gripe-aviaria-nos-eua.ghtml
23/12/2024,chuva,Capital paulista e cidades da Região Metropolitana contabilizam estragos deixados pela chuva forte e vendaval,08/01/2025 12:02,https://g1.globo.com/sp/sao-paulo/noticia/2025/01/08/capital-paulista-e-cidades-da-regiao-metropolitana-contabilizam-estragos-deixados-pela-chuva-forte-e-vendaval.ghtml
23/12/2024,compra,"Lula fala em ampliar crédito e diz que população 'não vai comprar dólar', 'vai comprar alimentos'",07/02/2025 13:56,https://g1.globo.com/politica/noticia/2025/02/07/lula-fala-em-ampliar-credito-e-diz-que-populacao-nao-vai-comprar-dolar-vi-comprar-alimentos.ghtml
23/12/2024,preço,Valor do diesel aumenta frete rodoviário e vai pesar no preço dos alimentos; entenda,09/02/2025 04:01,https://g1.globo.com/economia/noticia/2025/02/09/valor-do-diesel-aumenta-frete-rodoviario-e-vai-pesar-no-preco-dos-alimentos-entenda.ghtml
23/12/2024,preço,Inflação x vida real: por que os preços do dia a dia podem subir muito mais do que o IPCA,14/01/2025 21:36,https://g1.globo.com/economia/noticia/2025/01/13/inflacao-x-vida-real-por-que-os-precos-do-dia-a-dia-podem-subir-muito-mais-do-que-o-ipca.ghtml
23/12/2024,preço,"Brasil 'não terá tabelamento' de preços nem 'fiscal do Lula nos mercados', diz Rui após reunião no Planalto",24/01/2025 14:01,https://g1.globo.com/politica/noticia/2025/01/24/apos-reuniao-com-lula-ministros-falam-sobre-medidas-para-baixar-preco-de-alimentos.ghtml
23/12/2024,interditado,"Mercado é interditado, e polícia apreende duas toneladas de carnes impróprias para consumo na Baixada Fluminense",23/01/2025 21:08,https://g1.globo.com/rj/rio-de-janeiro/noticia/2025/01/23/mercado-e-interditado-na-baixada-fluminense.ghtml
23/12/2024,compra,5 razões para comprar sacos de lixo de qualidade,19/03/2025 10:42,https://g1.globo.com/sp/vale-do-paraiba-regiao/especial-publicitario/super-plast/noticia/2025/03/19/5-razoes-para-comprar-sacos-de-lixo-de-qualidade.ghtml
23/12/2024,busca,"Vc viu? Buscas por desaparecidos após queda de ponte, policial civil baleado em barbearia, promessas de Braide, virada do ano e outras notícias da semana no g1 MA",05/01/2025 10:58,https://g1.globo.com/ma/maranhao/noticia/2025/01/05/vc-viu-buscas-por-desaparecidos-apos-queda-de-ponte-policial-civil-baleado-em-barbearia-promessas-de-braide-virada-do-ano-e-outras-noticias-da-semana-no-g1-ma.ghtml
23/12/2024,dispara,"Preço do ovo dispara no ES, quase dobra em apenas um mês e chega a custar R$ 25 o pente com 30 unidades",19/02/2025 09:28,https://g1.globo.com/es/espirito-santo/agronegocios/noticia/2025/02/19/preco-do-ovo-dispara-no-es-quase-dobra-em-apenas-um-mes-e-chega-a-custar-r-25-o-pente-com-30-unidades.ghtml
23/12/2024,temporal,Procon notifica Enel por deixar milhares de consumidores no escuro após temporal de terça na Grande SP,09/01/2025 18:41,https://g1.globo.com/sp/sao-paulo/noticia/2025/01/09/procon-notifica-enel-por-deixar-milhares-de-consumidores-no-escuro-apos-temporal-de-terca-na-grande-sp.ghtml
23/12/2024,chuva,Último dia do ano deve ter chuva na maior parte do país,30/12/2024 21:47,https://g1.globo.com/jornal-nacional/noticia/2024/12/30/ultimo-dia-do-ano-deve-ter-chuva-na-maior-parte-do-pais.ghtml
23/12/2024,aumento,"Cesta básica tem leve queda em Rio Branco após iniciar ano com maior aumento em três meses, aponta Fecomércio",12/02/2025 09:00,https://g1.globo.com/ac/acre/noticia/2025/02/12/cesta-basica-tem-leve-queda-em-rio-branco-apos-iniciar-ano-com-maior-aumento-em-tres-meses-aponta-fecomercio.ghtml
23/12/2024,preço,"Governo cogita reduzir imposto de importação de alguns alimentos para baixar preços, diz Rui Costa",24/01/2025 14:25,https://g1.globo.com/economia/noticia/2025/01/24/governo-cogita-reduzir-imposto-de-importacao-de-alguns-alimentos-para-baixar-precos-diz-rui-costa.ghtml
23/12/2024,produto,Café é um dos produtos que têm pressionado os índices de inflação,04/02/2025 21:12,https://g1.globo.com/jornal-nacional/noticia/2025/02/04/cafe-e-um-dos-produtos-que-tem-pressionado-os-indices-de-inflacao.ghtml
23/12/2024,preço,Brasileiros comem carcaça de frango e espinha de porco para driblar o preço dos alimentos,12/03/2025 15:25,https://g1.globo.com/economia/agronegocios/noticia/2025/03/12/brasileiros-comem-carcaca-de-frango-e-espinha-de-porco-para-driblar-os-altos-precos-dos-alimentos.ghtml
23/12/2024,alagamento,"Chuva causa alagamentos e deixa pelo menos 30 pessoas desalojadas em Lavras, MG",27/01/2025 16:28,https://g1.globo.com/mg/sul-de-minas/noticia/2025/01/26/chuva-causa-transtornos-neste-domingo-no-sul-de-minas.ghtml
23/12/2024,preço,Café fica 50% mais caro ao consumidor em 12 meses até janeiro; preço deve continuar subindo,11/02/2025 12:10,https://g1.globo.com/economia/agronegocios/noticia/2025/02/11/cafe-fica-50percent-mais-caro-ao-consumidor-em-12-meses-ate-janeiro-preco-deve-continuar-subindo.ghtml
23/12/2024,aumento,"Puxada pelos preços da carne e do café, cesta básica começa o ano com maior aumento dos últimos três meses em Rio Branco",14/01/2025 20:17,https://g1.globo.com/ac/acre/noticia/2025/01/14/puxada-pelos-precos-da-carne-e-do-cafe-cesta-basica-comeca-o-ano-com-maior-aumento-dos-ultimos-tres-meses-em-rio-branco.ghtml
23/12/2024,quantidade,Leite e ovos mais caros e em menor quantidade: entenda por que produtores estão diminuindo oferta,02/01/2025 14:27,https://g1.globo.com/economia/agronegocios/noticia/2022/07/22/leite-e-ovos-mais-caros-e-em-menor-quantidade-entenda-por-que-produtores-estao-diminuindo-oferta.ghtml
23/12/2024,chuva,VÍDEO: morador flagra família de peixes 'invadindo' casa após chuvas em MT,20/01/2025 09:01,https://g1.globo.com/mt/mato-grosso/noticia/2025/01/20/video-morador-flagra-familia-de-peixes-invadindo-casa-apos-chuvas-em-mt.ghtml
23/12/2024,falta,"'Um aloprado destrói em 4 anos o que a gente fez em 20', diz Lula ao mencionar que faltam dois anos para o fim do mandato",05/02/2025 08:53,https://g1.globo.com/politica/noticia/2025/02/04/lula-diz-que-brasil-deve-ser-o-pais-da-educacao-e-nao-o-das-fake-news-e-da-cretinice.ghtml
23/12/2024,escassez,Escassez de trabalhadores atrasa obras e aumenta os custos na construção civil,22/03/2025 21:31,https://g1.globo.com/jornal-nacional/noticia/2025/03/22/escassez-de-trabalhadores-atrasa-obras-e-aumento-os-custos-na-construcao-civil.ghtml
23/12/2024,alimento,Alta dos alimentos muda comportamento de consumidores,13/03/2025 21:33,https://g1.globo.com/jornal-nacional/noticia/2025/03/13/alta-no-preco-dos-alimentos-levantamento-mostra-aumento-no-numero-de-vezes-que-o-consumidor-vai-ao-mercado.ghtml
23/12/2024,defesa civil,Defesa Civil interdita loja de Limeira destruída em incêndio por risco de desabamento de paredes,29/01/2025 11:36,https://g1.globo.com/sp/piracicaba-regiao/noticia/2025/01/29/defesa-civil-interdita-loja-de-limeira-destruida-em-incendio-por-risco-de-desabamento-de-paredes.ghtml
23/12/2024,alimento,"Com dólar em queda e safra recorde, Haddad aposta em alimentos mais baratos",27/01/2025 11:36,https://g1.globo.com/politica/noticia/2025/01/23/com-dolar-em-queda-e-safra-recorde-haddad-aposta-em-queda-no-preco-de-alimentos.ghtml
23/12/2024,chuva,"Você viu? Chuvas causam transtornos no MA, princípio de incêndio em shopping de SL deixa ferido e outras notícias da semana no g1 MA",19/01/2025 10:30,https://g1.globo.com/ma/maranhao/noticia/2025/01/19/voce-viu-chuvas-causam-transtornos-no-ma-principio-de-incendio-em-shopping-de-sl-deixa-ferido-e-outras-noticias-da-semana-no-g1-ma.ghtml
23/12/2024,alimento,"Milho, banana, café... veja quais alimentos foram impactados pelas geadas e podem ficar mais caros",02/01/2025 14:50,https://g1.globo.com/economia/agronegocios/noticia/2021/08/13/milho-banana-cafe-veja-quais-alimentos-foram-impactados-pelas-geadas-e-podem-ficar-mais-caros.ghtml
23/12/2024,termina,Justiça de SP determina o despejo da Eataly Brasil de prédio no Itaim Bibi,20/02/2025 09:59,https://g1.globo.com/sp/sao-paulo/noticia/2025/02/20/justica-de-sp-determina-o-despejo-da-eataly-brasil-de-predio-no-itaim-bibi.ghtml
23/12/2024,alimento,Oposição ironiza fala de Lula sobre ‘educar’ população para combater inflação dos alimentos; aliados defendem,06/02/2025 17:34,https://g1.globo.com/politica/noticia/2025/02/06/oposicao-ironiza-fala-de-lula-sobre-educar-populacao-para-combater-inflacao-dos-alimentos-aliados-defendem.ghtml
24/03/2025,produto,"Mulher é presa em flagrante por furtar quase R$ 4,5 mil em produtos de supermercado em Nova Iguaçu",02/04/2025 17:15,https://g1.globo.com/rj/rio-de-janeiro/noticia/2025/04/02/mulher-e-presa-em-flagrante-por-furtar-produtos-de-supermercado-em-nova-iguacu.ghtml
24/03/2025,aumento,Aumento nas exportações faz o preço da carne subir nos supermercados do Brasil,29/04/2025 21:16,https://g1.globo.com/jornal-nacional/noticia/2025/04/29/aumento-nas-exportacoes-faz-o-preco-da-carne-subir-nos-supermercados-do-brasil.ghtml
24/03/2025,compra,Rede de supermercados compra parte de campus da Unimep em Piracicaba por R$ 20 milhões,06/05/2025 20:27,https://g1.globo.com/sp/piracicaba-regiao/noticia/2025/05/05/rede-de-supermercados-compra-parte-do-campus-da-unimep-em-piracicaba-por-r-20-milhoes.ghtml
24/03/2025,aumento,Preço de produtos teve aumento de quase 19% em supermercados de Manaus; veja o que está mais caro,07/04/2025 07:00,https://g1.globo.com/am/amazonas/noticia/2025/04/07/preco-de-produtos-teve-aumento-de-quase-19percent-em-supermercados-de-manaus-veja-o-que-esta-mais-caro.ghtml
24/03/2025,compra,Campanha Semanas Premiadas do Condor sorteia carro 0 km para quem também faz as compras em casa,19/05/2025 10:18,https://g1.globo.com/pr/parana/especial-publicitario/condor/noticia/2025/05/19/campanha-semanas-premiadas-do-condor-sorteia-carro-0-km-para-quem-tambem-faz-as-compras-em-casa.ghtml
24/03/2025,termina,Briga entre torcedores do Flamengo e do Vasco termina em tiros na Zona Oeste,08/05/2025 07:37,https://g1.globo.com/rj/rio-de-janeiro/noticia/2025/05/08/briga-entre-torcedores-do-flamengo-e-do-vasco-na-zona-oeste.ghtml
24/03/2025,produto,Tarifaço de Trump provoca boicote internacional a produtos dos EUA,11/04/2025 09:47,https://g1.globo.com/economia/noticia/2025/04/11/tarifaco-de-trump-provoca-boicote-internacional-a-produtos-dos-eua.ghtml
24/03/2025,preço,"Pesquisa aponta variação de até 229,33% no preço de produtos de Páscoa, em São Luís",15/04/2025 11:38,https://g1.globo.com/ma/maranhao/noticia/2025/04/15/pesquisa-aponta-variacao-de-ate-22933percent-no-preco-de-produtos-de-pascoa-em-sao-luis.ghtml
24/03/2025,preço,"'Preço de azeite, mas não é': valor do óleo de bagaço de oliva gera revolta nas redes sociais",29/03/2025 02:00,https://g1.globo.com/economia/agronegocios/noticia/2025/03/29/preco-de-azeite-mas-nao-e-valor-do-oleo-de-bagaco-de-oliva-gera-revolta-nas-redes-sociais.ghtml
24/03/2025,alimento,Prefeitura de Atibaia garante acesso a alimentos nutritivos para vulneráveis,28/03/2025 18:19,https://g1.globo.com/sp/vale-do-paraiba-regiao/especial-publicitario/prefeitura-de-atibaia/noticias-de-atibaia/noticia/2025/03/28/prefeitura-de-atibaia-garante-acesso-a-alimentos-nutritivos-para-vulneraveis.ghtml
24/03/2025,produto,Guerra comercial entre Canadá e EUA: canadenses boicotam produtos americanos em resposta a tarifas de Trump,24/03/2025 10:07,https://g1.globo.com/fantastico/noticia/2025/03/23/guerra-comercial-entre-canada-e-eua-canadenses-boicotam-produtos-americanos-em-resposta-a-tarifas-de-trump.ghtml
24/03/2025,aumento,Resumão diário do JN: PF acusa três dirigentes no INSS de embolsar milhões de reais para manter fraudes; aumento na exportação para Ásia faz preço da carne subir no Brasil,29/04/2025 21:48,https://g1.globo.com/podcast/resumao-diario/noticia/2025/04/29/resumao-diario-do-jn-pf-acusa-tres-dirigentes-no-inss-de-embolsar-milhoes-de-reais-para-manter-fraudes-aumento-na-exportacao-para-asia-faz-preco-da-carne-subir-no-brasil.ghtml
24/03/2025,alimento,Quadrilha é presa por adulterar validade de alimentos vencidos em Manaus e revender para o interior do AM,01/05/2025 19:28,https://g1.globo.com/am/amazonas/noticia/2025/05/01/quadrilha-e-presa-por-adulterar-validade-de-alimentos-vencidos-em-manaus-e-revender-para-o-interior-do-am.ghtml
24/03/2025,acaba,Homem é preso por furtar 22 kg de carne de mercado em Copacabana,26/05/2025 08:40,https://g1.globo.com/rj/rio-de-janeiro/noticia/2025/05/26/homem-e-preso-por-furtar-carne-de-mercado-em-copacabana.ghtml
24/03/2025,alerta,Defesa Civil de Nova Friburgo emite alerta para risco de transbordamento de rios na cidade,05/04/2025 16:46,https://g1.globo.com/rj/regiao-serrana/noticia/2025/04/05/defesa-civil-de-nova-friburgo-emite-alerta-para-risco-de-transbordamento-de-rios-na-cidade.ghtml
24/03/2025,aumento,"Inflação no RJ: café, tomate e ovo têm aumento de preço acima da média nacional, diz IBGE",12/04/2025 07:26,https://g1.globo.com/rj/rio-de-janeiro/noticia/2025/04/12/inflacao-no-rj-cafe-tomate-e-ovo-tem-aumento-de-preco-acima-da-media-nacional-diz-ibge.ghtml
24/03/2025,acaba,Megaestrutura do show de Lady Gaga é desmontada em Copacabana e show já deixa saudade em 'little monsters',04/05/2025 15:12,https://g1.globo.com/rj/rio-de-janeiro/show-da-lady-gaga/noticia/2025/05/04/limpeza-e-desmontagem-estrutura-show-de-lady-gaga.ghtml
24/03/2025,preço,"IPCA-15: preços sobem 0,64% em março, puxados por alimentação e combustíveis",27/03/2025 10:19,https://g1.globo.com/economia/noticia/2025/03/27/ipca-15-precos-sobem-064percent-em-marco-diz-ibge.ghtml
24/03/2025,terminou,"Família questiona abordagem da PM que terminou com morador baleado com tiro de borracha na cabeça em Varginha, MG",09/05/2025 07:03,https://g1.globo.com/mg/sul-de-minas/noticia/2025/05/09/familia-questiona-abordagem-da-pm-que-terminou-com-morador-baleado-com-tiro-de-borracha-na-cabeca-em-varginha-mg.ghtml
24/03/2025,limite,Brasileiros aproveitam preços mais baixos de produtos no limite do prazo de validade,27/03/2025 21:09,https://g1.globo.com/jornal-nacional/noticia/2025/03/27/brasileiros-aproveitam-precos-mais-baixos-de-produtos-no-limite-do-prazo-de-validade.ghtml
24/03/2025,aumento,"Sorocaba tem aumento de 500% no número de boletins ocorrências de crimes raciais, aponta relatório",27/03/2025 11:12,https://g1.globo.com/sp/sorocaba-jundiai/noticia/2024/12/09/sorocaba-tem-aumento-de-500percent-no-numero-de-boletins-ocorrencias-de-crimes-raciais-aponta-relatorio.ghtml
24/03/2025,aumento,"Puxado por aumento no preço do tomate, cesta básica de abril teve maior custo do ano em Rio Branco",13/05/2025 14:47,https://g1.globo.com/ac/acre/noticia/2025/05/13/puxado-por-aumento-no-preco-do-tomate-cesta-basica-de-abril-teve-maior-custo-do-ano-em-rio-branco.ghtml
24/03/2025,alimento,Café fake apreendido não é alimento: entenda o que pode ser vendido como café pela lei,24/04/2025 11:54,https://g1.globo.com/economia/agronegocios/noticia/2025/04/24/cafe-fake-nao-e-alimento-entenda-o-que-pode-ser-vendido-como-cafe-pela-lei.ghtml
24/03/2025,compra,EUA quase dobram compra de ovos do Brasil e passam a permitir seu consumo por humanos,27/03/2025 12:04,https://g1.globo.com/economia/agronegocios/noticia/2025/03/26/eua-quase-dobram-compra-de-ovos-do-brasil-e-passam-a-permitir-seu-consumo-por-humanos.ghtml
24/03/2025,alimento,"IPCA sobe 0,56% em março, puxado pela alta dos alimentos",11/04/2025 13:34,https://g1.globo.com/economia/noticia/2025/04/11/ipca-precos-sobem-056percent-em-marco-diz-ibge.ghtml
24/03/2025,preço,Procon divulga pesquisa de preços de itens da Semana Santa em Sergipe,07/04/2025 16:41,https://g1.globo.com/se/sergipe/noticia/2025/04/07/procon-divulga-pesquisa-de-precos-de-itens-da-semana-santa-em-sergipe.ghtml
24/03/2025,corrida,Trabalho no feriado: a corrida do Congresso para impedir medida do governo que dá mais poder aos sindicatos,07/06/2025 02:00,https://g1.globo.com/trabalho-e-carreira/noticia/2025/06/07/trabalho-no-feriado-a-corrida-do-congresso-para-impedir-medida-do-governo-que-da-mais-poder-aos-sindicatos.ghtml
23/06/2025,compra,Por que consumidores na América Latina têm comprado menos Coca-Cola e Pepsi no supermercado,15/08/2025 07:56,https://g1.globo.com/economia/noticia/2025/08/15/por-que-consumidores-na-america-latina-tem-comprado-menos-coca-cola-e-pepsi-no-supermercado.ghtml
23/06/2025,produto,Dono de espetinho é suspeito de furtar produtos de supermercado para revender no próprio comércio; vídeo,18/09/2025 10:23,https://g1.globo.com/ce/ceara/noticia/2025/09/18/dono-de-espetinho-e-suspeito-de-furtar-produtos-de-supermercado-para-revender-no-proprio-comercio-video.ghtml
23/06/2025,prateleira,"Homem entra em supermercado na Zona Norte do Rio, sobe em prateleiras, se pendura em luminária e é retirado pela PM",27/07/2025 13:35,https://g1.globo.com/rj/rio-de-janeiro/noticia/2025/07/27/homem-supermercado-na-zona-norte-do-rio-retirado-pela-pm.ghtml
23/06/2025,alimento,Procon apreende meia tonelada de alimentos em supermercados de Araruama,14/08/2025 14:27,https://g1.globo.com/rj/regiao-dos-lagos/noticia/2025/08/13/procon-apreende-meia-tonelada-de-alimentos-em-supermercados-de-araruama.ghtml
23/06/2025,preço,"Preço do café sobe 81% ao consumidor em um ano, mas começa a cair no campo",26/06/2025 15:42,https://g1.globo.com/economia/agronegocios/noticia/2025/06/26/preco-do-cafe-sobe-ao-consumidor-mas-comeca-a-cair-no-campo.ghtml
23/06/2025,terminou,'Deu um mata-leão': depoimentos revelam detalhes da perseguição que terminou com morte de jovem suspeito de tentar furtar chocolate,08/07/2025 00:00,https://g1.globo.com/fantastico/noticia/2025/07/08/deu-um-mata-leao-depoimentos-revelam-detalhes-da-perseguicao-que-terminou-com-morte-de-jovem-suspeito-de-tentar-furtar-chocolate.ghtml
23/06/2025,interditado,Incêndio em loja na Freguesia é controlado após 27 horas; 7 imóveis são interditados,20/09/2025 14:11,https://g1.globo.com/rj/rio-de-janeiro/noticia/2025/09/20/incendio-em-loja-na-freguesia-e-controlado.ghtml
23/06/2025,compra,Homens são presos suspeitos de aplicar golpe de R$ 150 mil em compras de whiskies em MT,11/07/2025 11:36,https://g1.globo.com/mt/mato-grosso/noticia/2025/07/11/homens-sao-presos-suspeitos-de-aplicar-golpe-de-r-150-mil-em-compras-de-whiskies-em-mt.ghtml
23/06/2025,alimento,Congelados e resfriados: Natto Alimentos explica a diferença entre eles,24/06/2025 11:14,https://g1.globo.com/pe/petrolina-regiao/especial-publicitario/natto/noticia/2025/06/24/congelados-e-resfriados-natto-alimentos-explica-a-diferenca-entre-eles.ghtml
23/06/2025,corrida,"Corrida Florescer reúne esporte, família e solidariedade no Horto Florestal",02/09/2025 11:47,https://g1.globo.com/sp/piracicaba-regiao/especial-publicitario/acil/associacao-comercial-e-industrial-de-limeira/noticia/2025/09/02/corrida-florescer-reune-esporte-familia-e-solidariedade-no-horto-florestal.ghtml
23/06/2025,compra,"Agente do ChatGPT reserva restaurante, faz compra, mas erra ao insistir demais; g1 testou",17/08/2025 06:00,https://g1.globo.com/inovacao/noticia/2025/08/17/agente-do-chatgpt-reserva-restaurante-faz-compra-mas-erra-ao-insistir-demais-g1-testou.ghtml
23/06/2025,greve,Metalúrgicos da Embraer encerram greve em São José dos Campos,18/09/2025 10:00,https://g1.globo.com/sp/vale-do-paraiba-regiao/noticia/2025/09/18/metalurgicos-da-embraer-encerram-greve-em-sao-jose-dos-campos.ghtml
23/06/2025,compra,Lula quer mudar regras para compras com vale-refeição e alimentação,01/09/2025 20:11,https://g1.globo.com/politica/noticia/2025/09/01/lula-quer-mudar-regras-para-compras-com-vale-refeicao-e-alimentacao.ghtml
23/06/2025,alimento,"Gigante de alimentos Kraft Heinz anuncia plano de se dividir em duas empresas até 2026, dez anos após megafusão",02/09/2025 14:27,https://g1.globo.com/economia/noticia/2025/09/02/kraft-heinz-anuncia-separacao-uma-decada-apos-megafusao.ghtml
23/06/2025,compra,Trabalhador precisa dedicar 43% do tempo para comprar cesta básica com salário mínimo em Boa Vista,14/07/2025 06:00,https://g1.globo.com/rr/roraima/noticia/2025/07/14/trabalhador-precisa-dedicar-43percent-do-tempo-para-comprar-cesta-basica-com-salario-minimo-em-boa-vista.ghtml
23/06/2025,aumento,"Preço dos alimentos no mundo é o mais alto em mais de 2 anos, diz ONU; carne e óleos vegetais puxam aumento",08/08/2025 13:32,https://g1.globo.com/economia/agronegocios/noticia/2025/08/08/preco-dos-alimentos-no-mundo-e-o-mais-alto-em-2-anos-diz-onu-carne-e-oleos-vegetais-puxam-aumento.ghtml
23/06/2025,temporal,Temporal causa destruição em São João de Meriti; moradores relatam perdas e cobram respostas,26/07/2025 20:43,https://g1.globo.com/rj/rio-de-janeiro/noticia/2025/07/26/temporal-sao-joao-de-meriti.ghtml
23/06/2025,preço,Preço da cesta básica cai em 7 de 8 capitais em julho; valor médio recua mais de 5% no 1º semestre,23/08/2025 02:00,https://g1.globo.com/economia/noticia/2025/08/23/preco-da-cesta-basica-cai-em-7-de-8-capitais-em-julho-valor-medio-recua-mais-de-5percent-no-1o-semestre.ghtml
23/06/2025,crise,"Miriam Leitão: já acompanhei crises entre Brasil e EUA, mas nada nessa dimensão e dessa forma estapafúrdia; VÍDEO",10/07/2025 13:13,https://g1.globo.com/globonews/conexao-globonews/noticia/2025/07/10/miriam-leitao-ja-acompanhei-crises-entre-brasil-e-eua-mas-nada-nessa-dimensao-e-dessa-forma-estapafurdia-video.ghtml
23/06/2025,multidão,Motorista acusado de atropelar multidão em frente a boate em Los Angeles é indiciado por 37 tentativas de homicídio,23/07/2025 04:27,https://g1.globo.com/mundo/noticia/2025/07/23/motorista-acusado-de-atropelar-multidao-boate-los-angeles-indiciado.ghtml
23/06/2025,preço,Procon realiza fiscalização de preços de morangos em Aracaju,29/07/2025 19:20,https://g1.globo.com/se/sergipe/noticia/2025/07/29/procon-realiza-fiscalizacao-de-precos-de-morangos-em-aracaju.ghtml
23/06/2025,preço,Preço do café cai ao consumidor pela 1ª vez após 16 meses de alta,19/07/2025 11:26,https://g1.globo.com/economia/agronegocios/noticia/2025/07/19/preco-do-cafe-cai-ao-consumidor-pela-1a-vez-apos-16-meses-de-alta.ghtml
23/06/2025,preço,"Produtos juninos têm diferença de preço de mais de 370% em São Luís, aponta Procon",24/06/2025 10:26,https://g1.globo.com/ma/maranhao/noticia/2025/06/24/produtos-juninos-tem-diferenca-de-preco-de-mais-de-370percent-em-sao-luis-aponta-procon.ghtml
23/06/2025,preço,Alckmin cita queda no preço dos alimentos e diz que tarifaço pode favorecer tendência,01/08/2025 11:45,https://g1.globo.com/economia/agronegocios/noticia/2025/07/31/alckmin-cita-queda-no-preco-dos-alimentos-e-diz-que-tarifaco-pode-favorecer-tendencia.ghtml
23/06/2025,preço,"‘Morango do amor’ viraliza, dobra preço da fruta no DF e conquista pizzaria famosa por vender só um sabor",30/07/2025 20:02,https://g1.globo.com/df/distrito-federal/noticia/2025/07/27/morango-do-amor-viraliza-dobra-preco-da-fruta-no-df-e-conquista-pizzaria-famosa-por-vender-so-um-sabor.ghtml
23/06/2025,alimento,"Café, tomate, alface: Veja ranking com os alimentos que mais encareceram no Vale do Paraíba em 2025",02/07/2025 17:47,https://g1.globo.com/sp/vale-do-paraiba-regiao/noticia/2025/07/02/cafe-tomate-alface-veja-ranking-com-os-alimentos-que-mais-encareceram-no-vale-do-paraiba-em-2025.ghtml
23/06/2025,aumento,SindmetalSJC inicia Campanha Salarial reivindicando 11% de aumento,27/06/2025 18:27,https://g1.globo.com/sp/vale-do-paraiba-regiao/especial-publicitario/sindicato-dos-metalurgicos-de-sao-jose-dos-campos-e-regiao/noticia/2025/06/27/sindmetalsjc-inicia-campanha-salarial-reivindicando-11percent-de-aumento.ghtml
23/06/2025,pandemia,"Idosa de SC aprende a ler durante aulas virtuais do neto na pandemia: 'grande passo', diz",02/07/2025 22:22,https://g1.globo.com/sc/santa-catarina/noticia/2021/04/21/idosa-de-sc-aprende-a-ler-durante-aulas-virtuais-do-neto-na-pandemia-grande-passo-diz.ghtml
23/06/2025,falta,De mato alto a falta de cobertura: veja como está campus da Unimep que terá destino definido em leilão nesta terça-feira,16/09/2025 07:20,https://g1.globo.com/sp/piracicaba-regiao/noticia/2025/09/16/de-mato-alto-a-falta-de-cobertura-veja-como-esta-campus-da-unimep-que-tera-destino-definido-em-leilao-nesta-terca-feira.ghtml
22/09/2025,estoque,Incêndio atinge estoque de supermercado e mobiliza bombeiros em Caraguatatuba,13/12/2025 08:52,https://g1.globo.com/sp/vale-do-paraiba-regiao/noticia/2025/07/25/incendio-atinge-estoque-de-supermercado-e-mobiliza-bombeiros-em-caraguatatuba.ghtml
22/09/2025,alimento,Supermercado na Ponta Verde é autuado por vender alimentos estragados,28/09/2025 12:17,https://g1.globo.com/al/alagoas/arquivo/noticia/2024/08/28/supermercado-na-ponta-verde-e-autuado-por-vender-alimentos-estragados.ghtml
22/09/2025,tumulto,Promoção de ovos gera tumulto em supermercado de Fortaleza; veja vídeo,13/12/2025 03:13,https://g1.globo.com/ce/ceara/noticia/2025/03/30/promocao-de-ovos-gera-tumulto-em-supermercado-de-fortaleza-veja-video.ghtml
22/09/2025,alimento,Vigilância fecha açougue de supermercado após flagrar alimentos vencidos em Americana,28/11/2025 10:26,https://g1.globo.com/sp/campinas-regiao/noticia/2025/11/28/vigilancia-fecha-acougue-de-supermercado-apos-flagrar-alimentos-vencidos-em-americana.ghtml
22/09/2025,tumulto,Tumulto durante promoção de ovo deixa feridos em supermercado em Fortaleza; vídeo,13/12/2025 03:17,https://g1.globo.com/ce/ceara/noticia/2025/04/01/dona-de-casa-fica-ferida-em-tumulto-durante-promocao-de-ovos-em-supermercado-de-fortaleza-video.ghtml
22/09/2025,produto,Gerente é detido após polícia encontrar produtos vencidos em supermercado de Campinas,12/12/2025 21:14,https://g1.globo.com/sp/campinas-regiao/noticia/2024/12/19/gerente-e-detido-apos-vigilancia-encontrar-produtos-vencidos-em-supermercado-de-campinas.ghtml
22/09/2025,alimento,Incêndio destrói depósito de alimentos e câmaras frias de supermercado em MG,23/11/2025 21:39,https://g1.globo.com/mg/zona-da-mata/noticia/2025/11/23/incendio-destroi-deposito-de-alimentos-e-camaras-frias-de-supermercado-em-mg.ghtml
22/09/2025,termina,Furto em supermercado termina com três presos em Santa Fé de Minas,13/12/2025 01:49,https://g1.globo.com/mg/grande-minas/noticia/2025/02/23/furto-em-supermercado-termina-com-tres-presos-em-montes-claros.ghtml
22/09/2025,restringir,Supermercado terá que indenizar funcionária por restringir idas ao banheiro: 'segura um pouquinho',13/12/2025 03:01,https://g1.globo.com/sc/santa-catarina/noticia/2025/03/25/supermercado-indenizacao-funcionaria-restricao-idas-banheiro.ghtml
22/09/2025,compra,Casal é preso por comprar R$ 7 mil em supermercado com Pix falso,13/12/2025 12:40,https://g1.globo.com/ce/ceara/noticia/2025/09/04/casal-e-preso-por-comprar-r-7-mil-em-supermercado-com-pix-falso.ghtml
22/09/2025,alimento,Vigilância apreende uma tonelada de alimentos impróprios para consumo em supermercado de Maceió,28/09/2025 03:54,https://g1.globo.com/al/alagoas/arquivo/noticia/2021/05/15/vigilancia-apreende-uma-tonelada-de-alimentos-improprios-para-consumo-em-supermercado-de-maceio.ghtml
22/09/2025,tumulto,VÍDEO: Boi invade supermercado e causa tumulto em MG: 'Correu atrás do açougueiro',25/10/2025 05:01,https://g1.globo.com/mg/triangulo-mineiro/noticia/2025/10/25/video-boi-invade-supermercado-e-causa-tumulto-em-mg-correu-atras-do-acougueiro.ghtml
22/09/2025,produto,Produtos natalinos têm variação de até 1000% de um supermercado para outro em Maceió,27/09/2025 21:48,https://g1.globo.com/al/alagoas/arquivo/noticia/2018/12/14/produtos-natalinos-tem-variacao-de-ate-1000-de-um-supermercado-para-outro-em-maceio.ghtml
22/09/2025,interditado,"Supermercado é interditado pela Vigilância Sanitária após flagrante de irregularidades em Pouso Alegre, MG",13/12/2025 11:57,https://g1.globo.com/mg/sul-de-minas/noticia/2025/08/27/supermercado-e-interditado-pela-vigilancia-sanitaria-apos-flagrante-de-irregularidades-em-pouso-alegre-mg.ghtml
22/09/2025,prateleira,Cliente flagra rato comendo achocolatado em prateleira de supermercado no litoral de SP; VÍDEO,13/12/2025 05:56,https://g1.globo.com/sp/santos-regiao/noticia/2025/06/06/cliente-flagra-rato-comendo-achocolatado-em-prateleira-de-supermercado-no-litoral-de-sp-video.ghtml
22/09/2025,alimento,"Vigilância Sanitária apreende 160 kg de alimentos estragados em supermercado na Ponta Verde, Maceió",28/09/2025 11:56,https://g1.globo.com/al/alagoas/arquivo/noticia/2024/01/24/vigilancia-sanitaria-apreende-160-kg-de-alimentos-estragados-em-supermercado-na-ponta-verde-maceio.ghtml
22/09/2025,produto,Operação descarta mais de 600kg de alimentos e produtos vencidos em supermercado de MT,13/11/2025 16:20,https://g1.globo.com/mt/mato-grosso/noticia/2025/11/13/operacao-descarta-mais-de-600kg-de-alimentos-e-produtos-vencidos-em-supermercado-de-mt.ghtml
22/09/2025,alagamento,Chuva causa rompimento de duto em estacionamento de supermercado e alagamentos em Jaú; vídeo,13/12/2025 01:04,https://g1.globo.com/sp/bauru-marilia/noticia/2025/02/01/chuva-causa-rompimento-de-duto-em-estacionamento-de-supermercado-e-alagamentos-em-jau-video.ghtml
22/12/2025,termina,'Furada' de fila em açougue de supermercado termina em pancadaria generalizada em SP; VÍDEO,28/12/2025 06:18,https://g1.globo.com/sp/santos-regiao/noticia/2025/12/28/furada-de-fila-em-acougue-de-supermercado-termina-em-pancadaria-generalizada-em-sp-video.ghtml
22/12/2025,acaba,Advogada é presa em flagrante por furto de champanhe francês em supermercado de Copacabana,30/12/2025 19:43,https://g1.globo.com/rj/rio-de-janeiro/noticia/2025/12/30/advogada-e-presa-em-flagrante-por-furto-de-champanhe-frances-em-supermercado-de-copacabana.ghtml
22/12/2025,produto,"Homem é preso após invadir supermercado, furtar mercadorias e revender os produtos em Imperatriz",30/12/2025 07:57,https://g1.globo.com/ma/maranhao/noticia/2025/12/30/homem-e-preso-apos-invadir-supermercado-furtar-mercadorias-e-revender-os-produtos-em-imperatriz.ghtml
22/12/2025,quantidade,Mais esquecidos: quantidade de itens deixados em estações e trens da ViaMobilidade cresce 21% em 2025,25/12/2025 05:00,https://g1.globo.com/sp/sao-paulo/noticia/2025/12/25/mais-esquecidos-quantidade-de-itens-deixados-em-estacoes-e-trens-da-viamobilidade-cresce-21percent-em-2025.ghtml
22/12/2025,preço,Variação de preços na ceia de Natal chega a 175% em Imperatriz e passa de 100% em São Luís,23/12/2025 10:54,https://g1.globo.com/ma/maranhao/noticia/2025/12/23/variacao-de-precos-na-ceia-de-natal-chega-a-175percent-em-imperatriz-e-passa-de-100percent-em-sao-luis.ghtml
22/12/2025,termina,"Estacionamento irregular termina em confusão entre casal e policiais, resistência à abordagem e suspeita de embriaguez ao volante",29/12/2025 18:25,https://g1.globo.com/sp/sao-jose-do-rio-preto-aracatuba/noticia/2025/12/29/estacionamento-irregular-termina-em-confusao-entre-casal-e-policiais-resistencia-a-abordagem-e-suspeita-de-embriaguez-ao-volante.ghtml
22/12/2025,falta,O que se sabe e o que falta esclarecer sobre afogamento de dois irmãos na piscina de chácara no interior de SP,22/12/2025 14:48,https://g1.globo.com/sp/presidente-prudente-e-regiao/noticia/2025/12/22/o-que-se-sabe-e-o-que-falta-esclarecer-sobre-afogamento-de-irmaos-de-4-anos-na-piscina-de-chacara-no-interior-de-sp.ghtml
22/12/2025,produto,Clima deixa produtores otimistas com safra de maçã em SP,24/12/2025 14:07,https://g1.globo.com/sp/sorocaba-jundiai/nosso-campo/noticia/2025/12/07/clima-deixa-produtores-otimistas-com-safra-de-maca-em-sp.ghtml
22/12/2025,alimento,‘Natal Solidário’ da TV Integração leva alimento e esperança a instituições de Divinópolis: ‘Essa campanha nos fortalece’,29/12/2025 09:00,https://g1.globo.com/mg/centro-oeste/noticia/2025/12/25/natal-solidario-da-tv-integracao-leva-alimento-e-esperanca-a-instituicoes-de-divinopolis-essa-campanha-nos-fortalece.ghtml
22/12/2025,alerta,População de jandaias cresce 53% e reforça alerta de proteção da espécie em Fortaleza (CE),24/12/2025 11:11,https://g1.globo.com/sp/campinas-regiao/terra-da-gente/noticia/2025/12/24/populacao-de-jandaias-cresce-53percent-e-reforca-alerta-de-protecao-da-especie-em-fortaleza-ce.ghtml
22/12/2025,aviso,Verão começa com temporais e avisos meteorológicos no RS; veja a previsão para a semana do Natal,22/12/2025 00:00,https://g1.globo.com/rs/rio-grande-do-sul/noticia/2025/12/22/verao-comeca-com-temporais-e-avisos-meteorologicos-no-rs-veja-a-previsao-para-a-semana-do-natal.ghtml
22/12/2025,busca,"Família viaja à Alemanha para buscar filhos e corpo de brasileira morta após vazamento de gás: 'A gente não sabe onde está', diz filha",22/12/2025 07:12,https://g1.globo.com/pe/pernambuco/noticia/2025/12/22/familia-viaja-a-alemanha-para-buscar-filhos-e-corpo-de-pernambucana-morta-apos-vazamento-de-gas-a-gente-nao-sabe-de-nada-diz-filha.ghtml
22/12/2025,chuva,Chuva ou sol? Veja previsão do tempo para a véspera e dia de Natal no DF,22/12/2025 08:59,https://g1.globo.com/df/distrito-federal/noticia/2025/12/22/chuva-ou-sol-veja-previsao-do-tempo-para-a-vespera-e-dia-de-natal-no-df.ghtml
22/12/2025,preço,Resumão diário #1792: Preço do café em 2026; Direitos do trabalhador escalado para o Natal ou Réveillon e mais,22/12/2025 09:24,https://g1.globo.com/podcast/resumao-diario/noticia/2025/12/22/resumao-diario-1792-preco-do-cafe-em-2026-direitos-do-trabalhador-escalado-para-o-natal-ou-reveillon-e-mais.ghtml
22/12/2025,termina,VÍDEO: Torcedores do Corinthians fecham cruzamento e comemoração termina com confusão e gás lacrimogênio,22/12/2025 11:21,https://g1.globo.com/mg/triangulo-mineiro/noticia/2025/12/22/video-torcedores-do-corinthians-fecham-cruzamento-e-comemoracao-termina-com-confusao-e-gas-lacrimogenio.ghtml
22/12/2025,compra,Atenção aos golpes: Procon de Cuiabá reforça orientações para compras de Natal,22/12/2025 11:32,https://g1.globo.com/mt/mato-grosso/noticia/2025/12/22/atencao-aos-golpes-procon-de-cuiaba-reforca-orientacoes-para-compras-de-natal.ghtml
22/12/2025,chuva,Verão terá temperaturas acima da média e menos chuva no Sul de Minas,22/12/2025 12:13,https://g1.globo.com/mg/sul-de-minas/noticia/2025/12/22/verao-tera-temperaturas-acima-da-media-e-menos-chuva-no-sul-de-minas.ghtml
22/12/2025,termina,Justiça Federal determina que prefeitura de São Miguel Gostoso fiscalize trânsito de veículos nas praias,22/12/2025 12:25,https://g1.globo.com/rn/rio-grande-do-norte/noticia/2025/12/22/decisao-transito-praia-sao-miguel-do-gostoso.ghtml
22/12/2025,falta,Profissionais da enfermagem da Santa Casa de Campo Grande paralisam atividades por falta do 13º,22/12/2025 12:38,https://g1.globo.com/ms/mato-grosso-do-sul/noticia/2025/12/22/profissionais-da-enfermagem-da-santa-casa-de-campo-grande-paralisam-atividades-por-falta-do-13o.ghtml
22/12/2025,interdição,"Acidente entre duas carretas provoca interdição parcial na rodovia Dom Pedro I, em Nazaré Paulista",22/12/2025 12:30,https://g1.globo.com/sp/vale-do-paraiba-regiao/noticia/2025/12/22/acidente-entre-duas-carretas-provoca-interdicao-parcial-na-rodovia-dom-pedro-i-em-nazare-paulista.ghtml
22/12/2025,falta,Manutenção da Sabesp provoca falta de água em São José e Caçapava; confira os bairros afetados,22/12/2025 13:23,https://g1.globo.com/sp/vale-do-paraiba-regiao/noticia/2025/12/22/manutencao-da-sabesp-provoca-falta-de-agua-em-sao-jose-e-cacapava-confira-os-bairros-afetados.ghtml
